,CareerStage,SkillDomain,LearningMethod,MeanScore,StdScore
0,Junior,AI/ML,OnlineCourses,7.6,1.3980383257552695
1,Junior,AI/ML,Documentation,6.8,1.5270283491531462
2,Junior,AI/ML,Community,6.2,1.3289991743034772
3,Junior,Cloud/DevOps,Documentation,6.5,1.4468508304540355
4,Junior,Cloud/DevOps,Mentorship,6.2,1.4387570004298993
5,Junior,Cloud/DevOps,Community,5.9,1.1991262977681547
6,Junior,Front-End,Community,7.3,1.3914209090259542
7,Junior,Front-End,OpenSource,7.0,1.1870702218513862
8,Junior,Front-End,OnlineCourses,6.5,1.6157758524979309
9,Junior,Back-End,FormalEducation,6.8,0.8588801627457348
10,Junior,Back-End,Mentorship,6.5,1.1746371148657964
11,Junior,Back-End,Books,5.8,1.0784318786821823
12,Junior,Mobile,OnlineCourses,6.9,0.8959560369714531
13,Junior,Mobile,Community,6.2,1.52055691282939
14,Junior,Mobile,Documentation,5.7,1.491428962198047
15,Mid-career,AI/ML,OpenSource,7.8,1.5363629426514727
16,Mid-career,AI/ML,Community,7.5,0.9367076708435571
17,Mid-career,AI/ML,OnlineCourses,6.7,1.4183749333420101
18,Mid-career,Cloud/DevOps,Documentation,7.8,1.6829510609709317
19,Mid-career,Cloud/DevOps,Community,7.5,0.9717342729511363
20,Mid-career,Cloud/DevOps,OpenSource,7.2,1.4998590102661051
21,Mid-career,Front-End,OpenSource,7.6,0.8091736286314968
22,Mid-career,Front-End,Community,7.4,1.5671180103773603
23,Mid-career,Front-End,Documentation,6.9,0.9070403940683975
24,Mid-career,Back-End,OpenSource,7.3,1.312863275175019
25,Mid-career,Back-End,Documentation,7.1,1.2904363642224923
26,Mid-career,Back-End,Books,6.8,1.606576850533321
27,Mid-career,Mobile,Community,7.2,0.8330278709481472
28,Mid-career,Mobile,Documentation,6.8,1.1669104688915488
29,Mid-career,Mobile,OpenSource,6.6,1.3933221298245204
30,Senior+,AI/ML,OpenSource,8.1,1.386879359984754
31,Senior+,AI/ML,Mentorship,7.8,1.168618299890335
32,Senior+,AI/ML,Books,7.2,1.0809827939038326
33,Senior+,Cloud/DevOps,OpenSource,8.2,1.331709640695769
34,Senior+,Cloud/DevOps,Documentation,7.9,1.3468947014211943
35,Senior+,Cloud/DevOps,Community,7.6,1.3288661671246609
36,Senior+,Front-End,OpenSource,7.8,1.445340801696059
37,Senior+,Front-End,Community,7.5,1.4050179165661891
38,Senior+,Front-End,Mentorship,7.3,0.9936610116643791
39,Senior+,Back-End,OpenSource,7.9,1.2702777253606157
40,Senior+,Back-End,Mentorship,7.7,1.1411823473818372
41,Senior+,Back-End,Documentation,7.4,1.0526065178381085
42,Senior+,Mobile,Mentorship,7.6,1.353189383311363
43,Senior+,Mobile,OpenSource,7.4,1.149341339483662
44,Senior+,Mobile,Community,7.0,1.4558033733884965
